N,exe,solver,rep,first_residual,last_residual,Cext,Qext,elapsed_time,total_iterations,total_matvec,total_wall_time,solver_time,fft_time
150,adda_ocl,bicg,1,0.5917547765108889,7.548867090901598e-05,24.730435986491784,3.5890942102384127,0:54.03,131,131,53.9816,50.6638,40.8685
150,adda_ocl,bicg,2,0.5917547765108889,7.548867090901598e-05,24.730435986491784,3.5890942102384127,0:55.38,131,131,55.3377,51.7228,41.7459
150,adda_ocl,bicg,3,0.5917547765108889,7.548867090901598e-05,24.730435986491784,3.5890942102384127,0:53.92,131,131,53.8717,50.0242,39.5438
150,adda_ocl_blas,bicg,1,0.591754776511762,7.548867096645779e-05,24.730435986491727,3.5890942102384056,0:41.36,131,131,41.316,37.5172,0.0595
150,adda_ocl_blas,bicg,2,0.591754776511762,7.548867096645779e-05,24.730435986491727,3.5890942102384056,0:41.52,131,131,41.4785,37.5739,0.0589
150,adda_ocl_blas,bicg,3,0.591754776511762,7.548867096645779e-05,24.730435986491727,3.5890942102384056,0:41.53,131,131,41.4826,37.5893,0.0614
150,adda_ocl,bicgstab,1,0.5608136304833925,9.108760586844744e-05,24.729875277364307,3.589012835292813,0:45.10,54,107,45.0602,41.2384,33.7165
150,adda_ocl,bicgstab,2,0.5608136304833925,9.108760586844744e-05,24.729875277364307,3.589012835292813,0:45.53,54,107,45.4837,41.503,33.7207
150,adda_ocl,bicgstab,3,0.5608136304833925,9.108760586844744e-05,24.729875277364307,3.589012835292813,0:45.47,54,107,45.4287,41.5557,32.9126
